crop_id,scientific_name,soil_ph_absolute_max,soil_ph_absolute_min,soil_ph_optimal_max,soil_ph_optimal_max,rainfall_annual_optimal_max
289,Abelmoschus esculentus,8.7,4.5,7.0,7.0,1200.0
290,Abelmoschus manihot,8.0,5.0,7.0,7.0,2000.0
318,Adenanthera pavonina,7.5,4.5,7.0,7.0,5000.0
354,Aleurites moluccana,8.5,4.3,8.0,8.0,1800.0
363,Allium ampeloprasum,7.5,4.5,6.5,6.5,1000.0
364,Allium cepa,8.3,4.3,7.0,7.0,600.0
365,Allium fistulosum,8.5,5.5,7.4,7.4,1600.0
390,Amaranthus cruentus,7.5,4.3,7.0,7.0,2400.0
391,Amaranthus sp.,8.5,4.3,7.5,7.5,1400.0
400,Amorphophallus paeoniifolius,7.5,5.0,6.2,6.2,1500.0
401,Anacardium occidentale,8.7,3.8,6.5,6.5,1600.0
402,Ananas comosus,9.0,3.5,8.0,8.0,2500.0
411,Annona muricata,8.0,4.5,6.5,6.5,2200.0
412,Annona reticulata,8.0,4.5,7.5,7.5,1400.0
414,Annona squamosa,8.5,4.3,8.0,8.0,1200.0
431,Apium graveolens,7.5,5.5,6.8,6.8,1300.0
432,Apium graveolens var. dulce,8.3,4.5,6.8,6.8,1300.0
443,Araucaria cunninghamii,7.5,4.5,6.5,6.5,2000.0
449,Areca catechu,6.8,4.5,6.0,6.0,3000.0
459,Artocarpus heterophyllus,8.0,4.3,7.5,7.5,3000.0
468,Asparagus officinalis,8.2,4.5,6.7,6.7,1200.0
481,Avena sativa,7.5,4.5,6.0,6.0,1000.0
482,Averrhoa bilimbi,8.3,5.0,6.5,6.5,2300.0
483,Averrhoa carambola,8.5,5.0,6.5,6.5,2000.0
493,Bambusa vulgaris,6.5,4.5,6.0,6.0,2500.0
501,Barringtonia racemosa,7.5,5.0,7.0,7.0,1500.0
504,Basella alba,7.5,4.3,7.0,7.0,2500.0
505,Basella rubra,7.5,4.3,7.0,7.0,2500.0
508,Bauhinia variegata,7.5,5.0,7.0,7.0,2200.0
513,Benincasa hispida,7.5,5.0,6.8,6.8,800.0
514,Beta vulgaris,7.5,5.5,7.0,7.0,800.0
517,Bidens pilosa,8.5,3.5,8.0,8.0,2500.0
545,Brachychiton populneus,8.5,6.5,8.0,8.0,750.0
547,Brassica chinensis,8.0,5.3,7.5,7.5,1600.0
548,Brassica juncea,8.0,5.0,6.5,6.5,2400.0
549,Brassica napus,8.0,5.5,7.6,7.6,1000.0
551,Allium cepa var. cepa,8.3,4.3,7.0,7.0,600.0
553,Brassica oleracea var. botrytis,8.5,5.5,7.0,7.0,1100.0
554,Brassica oleracea var. capitata,8.3,5.0,7.5,7.5,1000.0
555,Brassica oleracea var. gemmifera,7.8,4.5,7.0,7.0,1600.0
556,Brassica oleracea var. italica,8.5,5.5,6.8,6.8,1500.0
565,Broussonetia papyrifera,8.0,4.5,7.5,7.5,2500.0
576,Cajanus cajan,8.4,4.5,7.0,7.0,1500.0
588,Calophyllum inophyllum,8.0,5.0,7.0,7.0,4000.0
594,Allium tuberosum,8.3,5.3,6.8,6.8,2200.0
599,Camellia sinensis,6.0,4.0,5.5,5.5,2000.0
606,Canarium indicum,8.1,5.5,7.5,7.5,4000.0
609,Canavalia ensiformis,8.0,4.3,6.0,6.0,2000.0
612,Canna indica,8.0,5.0,7.5,7.5,4500.0
618,Capsicum annuum,7.0,4.5,6.8,6.8,1250.0
621,Capsicum frutescens,8.3,4.3,6.8,6.8,1500.0
630,Carica papaya,8.0,4.5,7.0,7.0,2500.0
633,Casimiroa edulis,8.0,6.5,7.5,7.5,3000.0
639,Cassia occidentalis,8.4,4.5,7.0,7.0,1700.0
658,Ceiba pentandra,7.5,5.0,6.5,6.5,2500.0
660,Celosia argentea,7.5,5.5,6.5,6.5,2500.0
689,Chrysophyllum cainito,7.5,4.4,5.5,5.5,1400.0
693,Cichorium endivia,8.5,5.3,7.8,7.8,1400.0
694,Cichorium intybus,8.3,4.5,7.5,7.5,2500.0
708,Citrullus lanatus,7.5,5.5,7.0,7.0,700.0
711,Citrus aurantium,8.3,5.5,7.0,7.0,1400.0
712,Citrus grandis,8.0,4.5,7.0,7.0,2500.0
714,Citrus limon,8.0,5.5,7.0,7.0,2300.0
716,Citrus medica,8.0,5.5,7.0,7.0,1400.0
717,Citrus paradisi,8.3,6.0,7.3,7.3,2300.0
718,Citrus reticulata,8.3,5.5,6.8,6.8,1800.0
720,Citrus sinensis,8.3,4.0,6.0,6.0,2000.0
722,Citrus sp.,8.0,4.0,6.5,6.5,1600.0
738,Clitoria ternatea,9.0,4.5,7.5,7.5,1800.0
743,Coccoloba uvifera,8.0,5.8,7.5,7.5,1400.0
744,Cocos nucifera,8.7,4.3,8.0,8.0,2400.0
749,Coffea arabica,8.4,4.3,7.0,7.0,2300.0
750,Coffea canephora,8.0,4.0,6.3,6.3,3000.0
751,Coffea liberica,8.0,4.3,6.2,6.2,2400.0
758,Colocasia esculenta,8.2,4.3,6.5,6.5,2700.0
777,Cordia alliodora,8.5,6.0,7.5,7.5,3000.0
784,Coriandrum sativum,8.0,4.0,7.5,7.5,1400.0
803,Crotalaria pallida,7.1,4.5,6.5,6.5,1800.0
810,Allium schoenoprasum,8.2,5.0,6.6,6.6,1600.0
815,Cucumis melo,8.7,5.0,7.5,7.5,1300.0
817,Cucumis sativus,8.7,4.5,7.5,7.5,1200.0
819,Cucurbita maxima,8.5,5.0,7.5,7.5,1000.0
820,Cucurbita moschata,8.3,4.5,7.5,7.5,1600.0
821,Cucurbita pepo,8.3,4.5,6.8,6.8,1500.0
830,Cyamopsis tetragonoloba,8.5,5.5,8.0,8.0,800.0
847,Cynara scolymus,8.3,5.5,6.5,6.5,1200.0
856,Cyperus rotundus,8.0,3.5,7.0,7.0,3000.0
859,Cyphomandra betacea,7.5,5.8,7.0,7.0,2600.0
866,Dactyloctenium aegyptium,8.3,6.0,7.5,7.5,1500.0
871,Daucus carota,8.7,4.2,6.8,6.8,1200.0
882,Dendrocalamus giganteus,7.5,4.5,6.5,6.5,3600.0
889,Actinidia chinensis,7.5,5.5,7.0,7.0,1300.0
936,Dioscorea alata,8.5,4.8,6.5,6.5,4000.0
938,Dioscorea bulbifera,8.0,5.3,6.7,6.7,2600.0
939,Dioscorea esculenta,8.5,4.5,6.5,6.5,2000.0
942,Dioscorea rotundata,8.5,5.8,6.7,6.7,1500.0
945,Diospyros kaki,8.3,5.0,6.5,6.5,1700.0
963,Durio zibethinus,7.5,4.3,6.5,6.5,2500.0
970,Echinochloa crus-galli,8.2,4.8,7.0,7.0,1100.0
972,Elaeis guineensis,8.0,3.2,6.0,6.0,3000.0
985,Eleusine indica,8.4,4.3,6.5,6.5,1200.0
988,Emilia sonchifolia,7.0,4.0,6.5,6.5,2000.0
1002,Eriobotrya japonica,8.0,4.5,6.5,6.5,1600.0
1007,Erythrina fusca,7.0,4.0,6.5,6.5,3000.0
1030,Syzygium cumini,8.0,4.5,7.0,7.0,6000.0
1033,Syzygium malaccense,8.0,5.0,6.5,6.5,1600.0
1068,Feijoa sellowiana,8.3,5.0,7.0,7.0,1500.0
1071,Ficus carica,8.6,4.3,7.0,7.0,1500.0
1096,Allium cepa var. aggregatum,7.5,5.5,7.0,7.0,600.0
1107,Foeniculum vulgare,8.2,4.8,7.5,7.5,1500.0
1110,Fortunella japonica,8.0,6.0,7.5,7.5,1500.0
1112,Fragaria x ananassa,8.2,4.5,6.8,6.8,900.0
1122,Garcinia mangostana,7.5,4.3,6.0,6.0,2000.0
1125,Garcinia xanthochymus,8.0,5.5,7.5,7.5,2000.0
1150,Glycine max,8.4,4.5,6.5,6.5,1500.0
1152,Gmelina arborea,7.5,4.0,6.0,6.0,2500.0
1193,Helianthus tuberosus,8.3,4.5,6.6,6.6,1500.0
1212,Hevea brasiliensis,8.0,3.5,6.0,6.0,4000.0
1213,Hibiscus cannabinus,8.2,4.3,7.5,7.5,2000.0
1216,Hibiscus sabdariffa,8.5,4.5,7.5,7.5,3000.0
1220,Hibiscus syriacus,8.0,5.0,7.5,7.5,1400.0
1232,Hordeum vulgare,8.0,6.0,7.5,7.5,1000.0
1252,Imperata cylindrica,7.5,4.0,6.0,6.0,3500.0
1260,Inga edulis,8.0,4.5,6.5,6.5,2500.0
1264,Ipomoea aquatica,7.5,4.3,7.0,7.0,2500.0
1265,Ipomoea batatas,8.7,4.0,7.0,7.0,2000.0
1283,Ischaemum rugosum,7.0,4.0,5.5,5.5,2000.0
1311,Lablab purpureus,8.0,4.5,7.5,7.5,1000.0
1313,Lactuca sativa var. capitata,7.5,4.2,7.0,7.0,1400.0
1315,Lagenaria siceraria,7.5,4.5,7.0,7.0,1800.0
1344,Leucaena leucocephala,8.5,5.0,7.7,7.7,3000.0
1357,Litchi chinensis,8.5,5.0,6.5,6.5,1700.0
1373,Luffa acutangula,7.5,4.5,7.0,7.0,2000.0
1379,Lycopersicon esculentum,7.5,5.0,6.8,6.8,1300.0
1382,Macadamia integrifolia,7.0,4.5,6.0,6.0,3000.0
1399,Macrotyloma uniflorum,8.0,5.0,7.0,7.0,1200.0
1406,Malpighia glabra,8.0,5.0,7.5,7.5,2000.0
1407,Malus domestica,8.0,4.5,7.0,7.0,2500.0
1410,Malus sylvestris,8.2,4.5,7.0,7.0,1200.0
1414,Mammea americana,8.0,5.5,6.5,6.5,1800.0
1416,Mangifera indica,8.5,4.3,7.5,7.5,1500.0
1420,Manihot esculenta,9.0,4.0,8.0,8.0,1500.0
1428,Medicago sativa,8.7,4.3,7.5,7.5,1200.0
1436,Melicoccus bijugatus,8.7,5.0,7.0,7.0,1600.0
1466,Metroxylon sagu,8.5,4.5,6.5,6.5,4500.0
1485,Monochoria vaginalis,7.0,4.0,6.5,6.5,2000.0
1488,Morinda citrifolia,7.0,4.3,6.5,6.5,3000.0
1491,Morus alba,8.3,4.3,7.5,7.5,2500.0
1500,Muntingia calabura,7.0,5.0,6.5,6.5,2000.0
1522,Nasturtium officinale,8.3,4.5,7.5,7.5,2300.0
1528,Nephelium lappaceum,7.5,4.5,6.5,6.5,3000.0
1543,Nypa fruticans,8.5,5.5,7.5,7.5,2800.0
1547,Ocimum basilicum,8.2,4.3,7.0,7.0,1600.0
1553,Olea europaea,8.5,5.3,7.0,7.0,700.0
1574,Oryza sativa,9.0,4.5,7.0,7.0,2000.0
1582,Pachyrhizus erosus,8.0,4.3,8.0,8.0,1700.0
1602,Panicum antidotale,8.2,5.5,7.5,7.5,700.0
1617,Parkinsonia aculeata,8.5,6.0,7.5,7.5,700.0
1630,Paspalum scrobiculatum,8.0,4.3,6.0,6.0,1600.0
1634,Passiflora edulis var. flavicarpa,8.0,5.0,7.5,7.5,2000.0
1637,Passiflora laurifolia,7.0,5.0,6.5,6.5,3000.0
1638,Passiflora mollissima,8.0,4.3,7.0,7.0,1700.0
1639,Passiflora quadrangularis,8.0,4.3,7.5,7.5,1600.0
1642,Pastinaca sativa,8.3,5.8,6.8,6.8,800.0
1659,Persea americana,7.0,4.5,5.8,5.8,2000.0
1665,Phaseolus coccineus,8.2,5.0,7.0,7.0,1500.0
1666,Phaseolus lunatus,8.4,4.5,7.0,7.0,1500.0
1668,Phaseolus vulgaris,9.0,4.0,7.5,7.5,2000.0
1673,Phoenix dactylifera,8.5,6.0,8.0,8.0,300.0
1686,Physalis peruviana,8.2,4.3,7.0,7.0,2300.0
1689,Pimenta dioica,8.0,6.3,7.5,7.5,2500.0
1721,Pisum sativum,8.3,4.5,7.0,7.0,1200.0
1784,Portulaca oleracea,8.3,4.3,7.0,7.0,2000.0
1793,Prosopis alba,7.0,4.5,6.5,6.5,500.0
1796,Prunus persica,7.5,4.5,6.3,6.3,1100.0
1803,Psidium cattleianum,7.7,4.5,6.5,6.5,2000.0
1804,Psidium guajava,8.5,4.0,7.5,7.5,3000.0
1807,Psophocarpus tetragonolobus,8.5,4.3,7.0,7.0,2500.0
1817,Pterocarpus indicus,7.5,5.0,6.5,6.5,3000.0
1822,Pueraria lobata,7.1,5.0,6.5,6.5,1400.0
1824,Pueraria phaseoloides,8.0,3.5,6.5,6.5,3200.0
1829,Punica granatum,8.5,5.8,7.5,7.5,1200.0
1832,Pyrus communis,8.3,4.5,6.5,6.5,900.0
1839,Raphanus sativus,8.3,4.3,7.0,7.0,1500.0
1877,Rubus idaeus ssp. idaeus,7.8,4.5,6.5,6.5,1200.0
1881,Rubus sp.,8.0,4.5,6.5,6.5,1800.0
1883,Saccharum edule,6.5,4.5,6.0,6.0,3000.0
1884,Saccharum officinarum,9.0,4.5,8.0,8.0,2000.0
1885,Saccharum robustum,7.5,4.5,6.0,6.0,2500.0
1887,Saccharum spontaneum,7.5,4.5,6.0,6.0,3000.0
1894,Samanea saman,7.5,4.5,6.5,6.5,3000.0
1929,Secale cereale,8.2,4.5,6.0,6.0,1000.0
1930,Sechium edule,8.0,4.3,7.0,7.0,2000.0
1937,Sesamum indicum,8.0,4.5,7.5,7.5,1000.0
1938,Sesbania grandiflora,8.5,4.5,7.5,7.5,3000.0
1965,Solanum melongena,8.5,4.3,6.8,6.8,1600.0
1966,Solanum nigrum,8.5,4.3,7.5,7.5,1600.0
1968,Solanum quitoense,8.0,5.8,7.0,7.0,3000.0
1970,Solanum torvum,6.8,4.3,6.0,6.0,2000.0
1971,Solanum tuberosum,8.5,4.2,6.2,6.2,800.0
1978,Sonneratia caseolaris,7.5,6.5,7.3,7.3,2500.0
1982,Sorghum bicolor var. sweet,8.5,5.0,7.0,7.0,1000.0
1991,Spathodea campanulata,8.0,4.5,7.5,7.5,2000.0
1997,Spinacia oleracea,8.3,5.3,7.5,7.5,1200.0
2000,Spondias cytherea,8.0,4.5,6.5,6.5,1800.0
2002,Spondias mombin,8.0,4.3,6.5,6.5,2000.0
2047,Tamarindus indica,8.5,4.5,6.5,6.5,3000.0
2062,Terminalia catappa,8.0,4.3,7.0,7.0,3400.0
2074,Theobroma cacao,8.0,4.0,6.5,6.5,3000.0
2075,Thespesia populnea,8.5,6.0,8.0,8.0,3000.0
2095,Trema orientalis,7.5,4.5,6.5,6.5,3000.0
2099,Mentha piperita,8.3,4.5,6.5,6.5,2200.0
2100,Trichosanthes cucumerina,8.0,6.0,7.0,7.0,2500.0
2114,Triticum aestivum,8.5,5.5,7.0,7.0,900.0
2120,Ullucus tuberosus,7.0,5.0,6.5,6.5,1400.0
2146,Vicia faba,8.6,4.5,7.0,7.0,1000.0
2147,Vigna angularis,7.5,5.0,6.5,6.5,1300.0
2149,Vigna mungo,7.5,4.5,6.5,6.5,900.0
2150,Vigna radiata,8.3,4.3,6.2,6.2,900.0
2152,Vigna umbellata,8.0,5.5,7.5,7.5,1500.0
2153,Vigna unguiculata,8.8,4.0,7.5,7.5,1500.0
2160,Vitis vinifera,8.5,4.5,7.5,7.5,850.0
2168,Xanthosoma sagittifolium,7.8,4.5,7.0,7.0,2000.0
2175,Zea mays,8.5,4.5,7.0,7.0,1200.0
2187,Amaranthus caudatus,8.5,4.3,7.5,7.5,2300.0
2188,Amaranthus dubius,8.5,5.5,7.5,7.5,2400.0
2189,Amaranthus lividus,7.5,4.3,7.0,7.0,1500.0
2190,Amaranthus tricolor,8.0,4.3,7.5,7.5,1500.0
2192,Anethum graveolens,8.0,5.0,7.0,7.0,1200.0
2194,Annona cherimola,8.0,5.5,7.5,7.5,1200.0
2196,Annona diversifolia,8.4,5.8,8.0,8.0,1400.0
2197,Annona purpurea,7.0,5.0,6.5,6.5,3000.0
2198,Antidesma bunius,8.0,5.5,7.0,7.0,3000.0
2199,Arachis hypogaea,8.5,4.5,6.5,6.5,1500.0
2214,Blighia sapida,8.0,4.3,6.5,6.5,4000.0
2220,Brassica oleracea var. gongyloides,8.5,5.5,6.5,6.5,1300.0
2227,Canavalia gladiata,7.5,4.3,6.0,6.0,1800.0
2228,Canna edulis,8.0,4.5,6.5,6.5,1700.0
2231,Carya illinoensis,7.5,5.0,7.0,7.0,1200.0
2234,Castanea sativa,7.0,4.0,6.0,6.0,1300.0
2242,Citrus aurantifolia,8.3,4.8,6.5,6.5,2700.0
2246,Corylus avellana,7.5,5.5,6.5,6.5,1100.0
2263,Diospyros digyna,7.5,5.5,7.0,7.0,1600.0
2282,Syzygium javanicum,8.0,5.0,7.5,7.5,2300.0
2285,Fagopyrum esculentum,7.5,4.4,6.5,6.5,1000.0
2296,Flacourtia indica,8.0,5.0,6.5,6.5,1400.0
2300,Fortunella margarita,8.0,6.0,7.5,7.5,1500.0
2301,Fragaria vesca,6.5,4.5,6.0,6.0,1500.0
2302,Garcinia dulcis,8.0,6.5,7.5,7.5,3000.0
2307,Bactris gasipaes,7.5,4.0,6.5,6.5,4000.0
2315,Juglans regia,8.3,4.5,6.5,6.5,1700.0
2318,Lansium domesticum,7.5,5.5,6.5,6.5,2200.0
2334,Manilkara achras,8.5,5.5,7.0,7.0,1500.0
2335,Maranta arundinacea,8.0,5.0,6.5,6.5,2000.0
2340,Melissa officinalis,7.8,4.5,6.0,6.0,1000.0
2347,Monochoria hastata,7.0,4.0,6.5,6.5,2000.0
2348,Moringa oleifera,8.5,5.0,7.0,7.0,2200.0
2349,Morus nigra,8.3,4.3,7.0,7.0,1500.0
2350,Mucuna pruriens var utilis,7.5,4.0,6.5,6.5,1500.0
2357,Nasturtium schlechteri,7.0,4.5,6.5,6.5,1200.0
2359,Nelumbo nucifera,7.3,5.5,6.5,6.5,2800.0
2360,Nephelium mutabile,8.0,4.3,5.8,5.8,3000.0
2363,Ocimum americanum,8.0,5.0,7.0,7.0,2000.0
2364,Oenanthe javanica,7.0,4.5,6.5,6.5,3000.0
2371,Oxalis tuberosa,7.8,5.3,7.0,7.0,1300.0
2380,Parinari nonda,8.0,4.5,7.0,7.0,1600.0
2381,Passiflora ligularis,7.5,5.1,7.0,7.0,1200.0
2386,Pistacia vera,8.5,6.0,8.0,8.0,700.0
2390,Polyscias verticillata,8.0,4.5,7.0,7.0,2000.0
2394,Pouteria campechiana,8.0,5.5,7.5,7.5,2000.0
2397,Prunus amygdalus,8.0,5.5,7.0,7.0,900.0
2398,Prunus armeniaca,8.0,5.0,7.0,7.0,1300.0
2413,Sambucus nigra,8.0,5.5,7.5,7.5,1200.0
2428,Sterculia foetida,8.0,5.0,7.5,7.5,1800.0
2433,Talinum triangulare,7.0,4.5,6.5,6.5,2000.0
2442,Tragopogon porrifolius,8.0,6.0,7.5,7.5,900.0
2447,Tropaeolum tuberosum,7.5,5.3,7.0,7.0,1200.0
2452,Ximenia americana,7.5,4.5,7.0,7.0,1250.0
2454,Rheum rhaponticum,7.8,5.3,7.0,7.0,1300.0
2465,Annona cherimola x Annona squamosa,7.0,5.0,6.5,6.5,3000.0
2467,Pangium edule,7.0,5.0,6.5,6.5,5000.0
2474,Beta vulgaris var. cicla,8.3,5.5,6.5,6.5,800.0
2475,Luffa cylindrica,8.3,4.3,6.5,6.5,2000.0
2479,Cicer arietinum,9.5,4.7,8.5,8.5,1000.0
2483,Musa sp.,7.5,4.5,7.0,7.0,2700.0
2486,Alocasia macrorrhizos,7.3,5.0,6.3,6.3,3500.0
2499,Bruguiera gymnorrhiza,8.5,6.5,8.0,8.0,6000.0
2501,Avicennia officinalis,7.5,6.0,7.0,7.0,3000.0
2507,Musa balbisiana,7.5,4.5,7.0,7.0,3000.0
2508,Coffea excelsa,7.5,4.0,6.5,6.5,2400.0
2509,Chenopodium quinoa,9.5,4.5,8.0,8.0,1000.0
2514,Carthamus tinctorius,8.0,5.0,7.5,7.5,1000.0
2516,Phaseolus acutifolius,8.0,5.0,7.0,7.0,1000.0
2524,Vigna aconitifolia,8.0,5.0,7.5,7.5,900.0
2525,Phaseolus polyanthus,7.0,5.5,6.5,6.5,2200.0
2528,Solanum muricatum,7.5,6.0,7.0,7.0,1400.0
2579,Acacia aneura,7.5,4.5,7.0,7.0,450.0
2580,Acacia anticeps,8.5,5.5,7.5,7.5,450.0
2588,Acacia brachystachya,7.5,4.5,7.0,7.0,300.0
2599,Acacia coriacea,8.5,6.0,7.5,7.5,500.0
2600,Acacia cowleana,8.0,4.5,7.0,7.0,400.0
2646,Acacia leucophloea,7.5,5.0,7.0,7.0,1700.0
2651,Acacia macdonnelliensis,7.0,4.5,6.5,6.5,250.0
2664,Acacia murrayana,8.5,4.5,7.5,7.5,400.0
2697,Acacia senegal,8.0,4.5,7.0,7.0,800.0
2705,Acacia stenophylla,8.5,6.5,8.0,8.0,600.0
2718,Acacia victoriae,8.5,5.0,7.5,7.5,800.0
2735,Acanthosicyos naudinianus,7.0,5.5,6.5,6.5,500.0
2741,Acca sellowiana,8.0,4.5,7.0,7.0,1500.0
2783,Acrocomia aculeata,7.5,5.0,6.5,6.5,2000.0
2787,Acrocomia totai,7.0,5.0,6.5,6.5,1500.0
2803,Actinidia arguta,7.0,4.5,6.5,6.5,1500.0
2807,Adansonia digitata,7.5,4.3,6.5,6.5,1500.0
2808,Adansonia grandidieri,7.5,5.0,7.0,7.0,1500.0
2809,Adansonia gregorii,7.5,4.5,6.5,6.5,1500.0
2844,Aegle marmelos,8.5,5.3,7.5,7.5,2000.0
2863,Aframomum corrorima,7.5,4.5,6.5,6.5,2000.0
2872,Aframomum melegueta,7.5,4.5,6.5,6.5,1900.0
2881,Afzelia quanzensis,7.5,4.5,7.0,7.0,1400.0
2925,Agropyron repens,8.2,4.2,6.5,6.5,750.0
2958,Albizia chevalieri,7.5,4.5,6.5,6.5,900.0
2994,Allium chinense,7.2,4.3,6.5,6.5,2500.0
3052,Alpinia galanga,6.8,5.0,6.5,6.5,3000.0
3069,Alysicarpus rugosus,8.0,5.5,7.0,7.0,1400.0
3086,Amaranthus hybridus,8.5,6.0,7.5,7.5,600.0
3090,Amaranthus hypochondriacus,7.5,5.5,7.0,7.0,1600.0
3116,Aronia alnifolia,7.5,5.0,7.0,7.0,1100.0
3127,Ammandra natalia,7.0,4.5,6.5,6.5,4500.0
3218,Angelica archangelica,7.3,4.5,6.5,6.5,1100.0
3236,Annona atemoya,7.0,5.0,6.5,6.5,3000.0
3241,Annona montana,8.7,5.0,7.0,7.0,1700.0
3242,Annona scleroderma,7.0,4.5,6.5,6.5,4500.0
3243,Annona senegalensis,7.5,5.0,7.0,7.0,2500.0
3286,Apios americana,8.5,4.5,7.5,7.5,1200.0
3289,Apium graveolens var. rapaceum,8.3,5.3,6.8,6.8,1200.0
3308,Arachis glabrata,8.5,4.5,6.0,6.0,2000.0
3310,Arachis pintoi,7.5,4.5,6.0,6.0,2000.0
3318,Araucaria angustifolia,7.5,5.0,6.5,6.5,2000.0
3327,Archidendron jiringa,7.0,4.5,6.5,6.5,3000.0
3348,Arenga pinnata,8.0,5.0,7.0,7.0,3500.0
3351,Argania sideroxylon,8.0,6.0,7.5,7.5,300.0
3384,Armoracia rusticana,8.7,4.5,7.0,7.0,900.0
3386,Arracacia xanthorrhiza,6.5,4.5,6.0,6.0,1200.0
3423,Artocarpus altilis,8.7,4.3,6.5,6.5,3000.0
3428,Artocarpus chaplasha,7.5,4.0,6.5,6.5,4000.0
3435,Artocarpus integer,6.5,4.0,6.0,6.0,3500.0
3522,Astrocaryum vulgare,8.0,4.0,7.0,7.0,1800.0
3549,Atriplex hortensis,8.2,5.0,7.5,7.5,800.0
3560,Attalea cohune,7.5,4.5,7.0,7.0,3000.0
3568,Avena byzantina,8.2,5.0,7.0,7.0,900.0
3569,Avena fatau,8.2,4.5,6.5,6.5,1000.0
3571,Avena nuda,8.0,5.0,7.7,7.7,1100.0
3572,Avena sterilis,8.0,4.5,7.5,7.5,800.0
3575,Avicennia germinans,7.5,6.0,7.0,7.0,2500.0
3576,Avicennia marina,7.5,6.0,7.0,7.0,2500.0
3582,Azanza garckeana,7.5,4.5,7.0,7.0,750.0
3591,Baccaurea motleyana,6.5,4.5,6.0,6.0,3500.0
3596,Baccaurea racemosa,6.0,4.5,5.5,5.5,2500.0
3597,Baccaurea ramiflora,6.5,4.5,6.0,6.0,3500.0
3608,Balanites aegyptiaca,8.5,6.5,8.0,8.0,800.0
3613,Bambusa arundinacea,7.0,4.0,6.5,6.5,2500.0
3618,Bambusa blumeana,7.0,4.5,6.5,6.5,4000.0
3655,Bassia latifolia,7.5,5.0,7.0,7.0,1600.0
3659,Bauhinia esculenta,7.4,5.0,7.0,7.0,1200.0
3669,Bauhinia rufescens,8.0,5.0,7.5,7.5,1000.0
3673,Beckmannia eruciformis,7.5,5.5,7.2,7.2,1300.0
3697,Berchemia discolor,7.5,4.5,7.0,7.0,1000.0
3699,Bertholletia excelsa,8.0,4.5,7.0,7.0,2800.0
3712,Beta vulgaris var. crassa,8.3,5.0,6.8,6.8,1500.0
3713,Beta vulgaris var. flavescens,7.5,5.5,7.0,7.0,750.0
3722,Betula pubescens,8.0,4.0,7.5,7.5,900.0
3761,Borago officinalis,8.3,6.0,7.5,7.5,1000.0
3765,Borassus flabellifer,8.0,6.5,7.5,7.5,1500.0
3771,Borojoa patinoi,7.0,4.0,6.5,6.5,6000.0
3814,Brachiaria ramosa,8.0,6.5,7.5,7.5,800.0
3848,Brassica carinata,8.5,5.0,8.0,8.0,1500.0
3861,Brassica napus var. napobrassica,7.8,4.8,7.0,7.0,1000.0
3867,Brassica oleracea var. acephala,8.3,4.5,6.0,6.0,1000.0
3877,Brassica rapa Gaisin gr.,7.0,5.0,6.5,6.5,1400.0
3878,Brassica rapa Pak Choi,7.5,5.0,7.0,7.0,1400.0
3881,Brassica rapa var. rapifera,7.5,4.3,6.8,6.8,1400.0
3896,Bridelia micrantha,7.5,4.5,7.0,7.0,2500.0
3957,Buchanania latifolia,7.2,4.9,6.0,6.0,1500.0
3988,Butomus umbellatus,8.5,4.5,8.0,8.0,1000.0
4037,Calathea allouia,7.5,5.5,7.0,7.0,2000.0
4081,Caltha palustris,7.3,4.8,6.5,6.5,900.0
4089,Camellia sinensis var. assamica,6.0,4.0,5.5,5.5,4000.0
4090,Camellia sinensis var. sinensis,6.0,4.0,5.5,5.5,2000.0
4094,Campanula rapunculus,7.5,6.0,7.0,7.0,900.0
4111,Canarium ovatum,6.5,4.5,6.0,6.0,3000.0
4145,Capparis decidua,8.5,6.5,7.5,7.5,600.0
4159,Capparis spinosa,8.3,6.0,7.5,7.5,1000.0
4161,Capparis tomentosa,8.5,6.0,8.0,8.0,1000.0
4218,Carica pubescens,8.4,4.5,7.0,7.0,1700.0
4223,Carissa carandas,8.5,6.0,8.0,8.0,1400.0
4225,Carissa edulis,8.0,6.0,7.5,7.5,1300.0
4229,Carissa macrocarpa,8.0,5.0,6.5,6.5,1200.0
4256,Carum carvi,7.8,4.8,7.0,7.0,1000.0
4271,Caryocar nuciferum,7.0,5.5,6.5,6.5,2000.0
4273,Caryodendron orinocense,6.5,4.5,6.0,6.0,3000.0
4278,Caryota urens,8.0,5.5,7.5,7.5,2400.0
4281,Cassia auriculata,8.0,5.0,7.0,7.0,1600.0
4305,Cassia tomentosa,7.0,5.0,6.5,6.5,1500.0
4312,Castanea crenata,7.0,5.0,6.0,6.0,1500.0
4313,Castanea dentata,7.5,5.5,7.0,7.0,1100.0
4314,Castanea mollissima,7.5,5.0,6.5,6.5,1400.0
4315,Castanea pumila,7.0,5.0,6.0,6.0,1300.0
4341,Casuarina glauca,8.0,4.0,7.0,7.0,1300.0
4414,Cephaelis ipecacuanha,6.5,4.5,6.0,6.0,1700.0
4426,Ceratonia siliqua,9.0,5.0,7.5,7.5,1000.0
4435,Ceriops tagal,7.5,6.5,7.2,7.2,3000.0
4465,Chamaedorea sp.,6.5,4.5,6.0,6.0,3000.0
4466,Chamaedorea tepejilote,8.0,6.0,7.5,7.5,2500.0
4481,Chenopodium album ssp. album,8.2,4.2,7.0,7.0,1200.0
4494,Chenopodium pallidicaule,8.5,4.8,7.5,7.5,800.0
4509,Chlorogalum pomeridianum,8.0,6.0,7.5,7.5,700.0
4524,Chrysanthemum coronarium var. coronarium,7.3,5.3,6.5,6.5,1300.0
4538,Chrysophyllum albidum,7.0,4.5,6.5,6.5,2000.0
4617,Citrofortunella x microcarpa,7.0,5.5,6.5,6.5,2000.0
4618,Citrullus colocynthis,8.0,4.0,7.5,7.5,500.0
4626,Citrus deliciosa,7.0,5.0,6.2,6.2,1500.0
4631,Citrus latifolia,7.5,5.0,6.5,6.5,1500.0
4635,Citrus madurensis,7.5,5.0,7.0,7.0,2000.0
4646,Citrus unshiu,8.0,5.0,6.5,6.5,1500.0
4659,Clausena lansium,6.5,4.5,6.0,6.0,3000.0
4704,Cnidoscolus chayamansa,7.5,4.5,6.5,6.5,2000.0
4744,Cola acuminata,6.8,4.3,6.0,6.0,3000.0
4755,Cola nitida,7.0,4.3,6.0,6.0,2500.0
4768,Coleus parviflorus,7.0,5.0,6.5,6.5,1700.0
4772,Colocasia esculenta var. antiquorum,8.0,4.5,6.5,6.5,2000.0
4779,Colophospermum mopane,8.5,5.0,7.5,7.5,500.0
4804,Commiphora africana,8.0,5.5,7.5,7.5,800.0
4854,Cordeauxia edulis,8.4,6.0,7.5,7.5,400.0
4855,Cordia africana,7.0,4.5,6.0,6.0,1500.0
4873,Cornus canadensis,7.7,3.9,7.5,7.5,1250.0
4893,Corylus colurna var. colurna,8.0,6.0,7.3,7.3,1100.0
4899,Corylus maxima,7.5,5.5,6.5,6.5,1200.0
4916,Coula edulis,7.0,4.5,6.5,6.5,2000.0
4926,Crambe maritima,8.0,6.0,7.5,7.5,1000.0
4999,Cryptotaenia japonica,8.0,4.5,7.5,7.5,3000.0
5008,Cucumis anguria,8.3,5.5,7.5,7.5,1000.0
5032,Cucurbita ficifolia,8.3,5.3,7.5,7.5,1200.0
5033,Cucurbita foetidissima,8.5,5.5,7.0,7.0,600.0
5035,Cucurbita mixta,7.5,5.0,6.8,6.8,1600.0
5042,Cullenia rosayroana,7.0,4.5,6.0,6.0,4000.0
5066,Curcuma zedoaria,7.5,5.0,6.5,6.5,1500.0
5117,Cydonia oblonga,7.0,5.5,6.5,6.5,900.0
5138,Cynara cardunculus,7.5,5.0,7.0,7.0,800.0
5148,Cynometra cauliflora,6.5,4.5,6.0,6.0,2000.0
5158,Cyperus esculentus,7.5,4.5,7.0,7.0,1000.0
5163,Cyperus longus,8.0,5.0,7.5,7.5,900.0
5181,Dacryodes edulis,8.0,4.0,6.5,6.5,3000.0
5232,Dendrocalamus asper,7.0,4.5,6.5,6.5,3600.0
5233,Dendrocalamus hamiltonii,6.5,4.5,6.0,6.0,3600.0
5235,Dendrocalamus longispathus,7.0,4.5,6.0,6.0,3600.0
5236,Dendrocalamus merrillianus,7.0,4.5,6.5,6.5,3000.0
5238,Dendrocalamus strictus,6.5,4.0,5.5,5.5,3600.0
5275,Dialium guineense,7.5,5.0,7.0,7.0,1800.0
5302,Dichrostachys cinerea,8.5,4.5,8.0,8.0,500.0
5329,Digitaria exilis,7.1,4.5,6.5,6.5,1600.0
5343,Dillenia pentagyna,7.1,4.5,6.5,6.5,3000.0
5349,Dimocarpus longan var. longan,8.0,5.0,6.0,6.0,2000.0
5350,Dimocarpus longan var. malesianus,6.5,4.5,6.0,6.0,4000.0
5369,Dioscorea cayenensis,8.0,5.3,6.7,6.7,1900.0
5382,Dioscorea dumetorum,8.5,4.8,6.5,6.5,1700.0
5387,Dioscorea floribunda,7.2,5.8,6.5,6.5,1200.0
5408,Dioscorea opposita,8.5,5.3,6.7,6.7,2600.0
5429,Dioscorea trifida,8.0,5.3,6.7,6.7,2600.0
5464,Diospyros malabarica,7.5,5.0,7.0,7.0,2500.0
5465,Diospyros melanoxylon,7.5,5.0,7.0,7.0,1200.0
5466,Diospyros mespiliformis,7.0,5.0,6.5,6.5,1300.0
5474,Diospyros virginiana,8.0,5.8,7.0,7.0,1400.0
5521,Dobera glabra,8.5,5.5,8.0,8.0,600.0
5534,Dovyalis caffra,7.0,5.0,6.5,6.5,1100.0
5536,Dovyalis hebecarpa,8.0,5.8,7.5,7.5,1800.0
5597,Echinochloa frumentacea,7.2,4.8,6.5,6.5,750.0
5622,Eichhornia crassipes,8.0,5.0,7.3,7.3,3000.0
5632,Elaeis oleifera,7.3,5.0,6.5,6.5,2500.0
5657,Eleusine coracana ssp. coracana,8.2,5.5,7.0,7.0,1100.0
5664,Elymus condensatus,8.0,5.5,7.0,7.0,800.0
5700,Ensete ventricosum,7.5,5.0,7.3,7.3,1500.0
5706,Enterolobium cyclocarpum,8.5,4.0,8.0,8.0,2500.0
5728,Eragrostis cilianensis,8.0,6.0,7.5,7.5,700.0
5746,Eragrostis tef,8.2,5.0,6.5,6.5,1200.0
5794,Eruca sativa,8.5,6.0,8.0,8.0,900.0
5805,Erythrina edulis,8.0,4.5,7.0,7.0,1500.0
5967,Eugenia dombeyi,7.5,4.5,6.5,6.5,2500.0
5995,Eugenia stipitata,6.5,4.5,6.0,6.0,3500.0
6001,Eugenia uniflora,8.5,4.0,7.5,7.5,2000.0
6002,Eugenia uvalha,8.0,5.0,7.0,7.0,600.0
6051,Euterpe chaunostachys,7.0,4.5,6.0,6.0,6000.0
6052,Euterpe edulis,5.6,4.1,5.0,5.0,2500.0
6054,Euterpe oleracea,6.5,4.5,5.5,5.5,2300.0
6075,Fagopyrum emarginatum,7.0,4.5,6.5,6.5,900.0
6076,Fagopyrum tataricum,7.0,5.0,6.5,6.5,900.0
6078,Fagus grandifolia,7.0,4.1,6.0,6.0,1100.0
6080,Fagus sylvatica ssp. sylvatica,8.2,4.0,7.0,7.0,1000.0
6082,Faidherbia albida,7.5,5.0,7.0,7.0,1000.0
6114,Ficus abutilifolia,7.0,5.5,6.5,6.5,2500.0
6149,Ficus glumosa,7.5,5.0,7.0,7.0,1200.0
6199,Ficus sycomorus,7.5,5.0,7.0,7.0,1800.0
6212,Ficus vogelii,5.5,4.0,5.0,5.0,2400.0
6252,Fortunella hindsii,8.0,6.0,7.5,7.5,1500.0
6256,Fragaria chiloensis,7.3,5.0,6.5,6.5,1300.0
6262,Fragaria virginiana,7.5,5.0,7.0,7.0,1200.0
6353,Garcinia multiflora,8.0,6.5,7.5,7.5,1800.0
6384,Garuga pinnata,8.0,5.5,7.0,7.0,2000.0
6397,Genipa americana,8.0,5.0,7.0,7.0,1700.0
6401,Genista tinctoria,7.5,4.5,6.5,6.5,900.0
6458,Glyceria fluitans,8.5,4.0,8.0,8.0,900.0
6500,Gracilaria tenuistipitata,8.0,6.0,7.5,7.5,3000.0
6502,Gracilaria verrucosa,8.5,7.0,8.0,8.0,3000.0
6520,Grewia asiatica,8.0,5.5,7.5,7.5,2900.0
6523,Grewia bicolor,7.5,5.0,7.0,7.0,900.0
6551,Grewia tiliifolia,7.0,5.5,6.5,6.5,2500.0
6562,Guazuma ulmifolia,7.5,5.5,7.0,7.0,1500.0
6567,Guizotia abyssinica,7.5,5.0,6.5,6.5,1300.0
6569,Gunnera tinctoria,7.5,5.0,7.0,7.0,2000.0
6708,Hibiscus sabdariffa var. sabdariffa,8.5,4.5,7.0,7.0,3000.0
6732,Hippophae rhamnoides,8.0,6.0,7.5,7.5,600.0
6733,Hippophae salicifolia,8.0,6.0,7.5,7.5,600.0
6754,Hordeum bulbosum,8.2,4.8,7.0,7.0,600.0
6779,Humulus lupulus,8.0,5.0,6.5,6.5,700.0
6809,Hymenaea courbaril,7.5,4.5,6.8,6.8,3000.0
6837,Hyphaene thebaica,8.5,6.0,7.5,7.5,600.0
6893,Inga feuillei,8.0,4.0,6.5,6.5,2700.0
6896,Inga vera,8.5,5.5,8.0,8.0,3000.0
6958,Irvingia gabonensis,7.5,4.5,7.0,7.0,3000.0
7000,Jessenia bataua,6.5,4.3,5.5,5.5,4000.0
7010,Juglans hindsii,8.3,5.8,7.5,7.5,900.0
7013,Juglans nigra,8.3,5.8,7.5,7.5,1000.0
7014,Juglans sieboldiana,8.3,5.5,7.0,7.0,1000.0
7056,Kerstingiella geocarpa,8.0,6.0,7.5,7.5,1200.0
7081,Lactuca indica,6.5,4.5,6.0,6.0,2500.0
7164,Lathyrus sativus,8.3,4.5,7.5,7.5,1300.0
7208,Lemuropisum edule,8.5,6.0,8.0,8.0,500.0
7209,Lens culinaris,8.2,4.5,7.5,7.5,1000.0
7220,Lepidium meyenii,8.5,6.0,7.5,7.5,800.0
7227,Lepidium sativum,7.5,5.5,7.0,7.0,1800.0
7277,Levisticum officinale,7.8,5.0,7.0,7.0,1200.0
7364,Livistona australis,7.5,5.0,7.0,7.0,1100.0
7412,Lotus edulis,8.0,6.0,7.5,7.5,700.0
7431,Lupinus albus,8.2,4.8,6.4,6.4,1000.0
7434,Lupinus luteus,8.0,4.5,7.0,7.0,1000.0
7435,Lupinus mutabilis,7.0,4.5,6.5,6.5,1000.0
7444,Lycium chinense,8.0,5.0,7.5,7.5,1500.0
7557,Malva moschata,8.5,6.5,8.0,8.0,1500.0
7605,Manilkara zapota,8.5,5.5,7.0,7.0,1500.0
7618,Marrubium vulgare,8.3,4.5,7.5,7.5,1000.0
7637,Matricaria recutita,7.0,5.0,6.5,6.5,1000.0
7639,Mauritia flexuosa,5.5,3.5,5.0,5.0,4500.0
7695,Melocanna baccifera,7.0,5.0,6.5,6.5,3000.0
7710,Mentha spicata var. crispa,8.3,4.5,6.5,6.5,1200.0
7736,Mesua ferrea,6.9,4.3,5.5,5.5,4000.0
7769,Miliusa velutina,7.5,5.5,7.0,7.0,2000.0
7795,Momordica charantia,8.0,4.5,6.5,6.5,2500.0
7797,Momordica cochinchinensis,7.5,6.0,7.0,7.0,2500.0
7813,Monstera deliciosa,7.5,5.0,6.0,6.0,2000.0
7829,Morus rubra,8.0,5.0,7.0,7.0,1200.0
7832,Mucuna pruriens,8.0,4.0,7.0,7.0,2000.0
7848,Musa acuminata,8.4,4.0,7.5,7.5,3600.0
7849,Musa acuminata x balbisiana,8.0,4.5,6.5,6.5,2400.0
7852,Musa halabanensis,7.5,4.5,7.0,7.0,3000.0
7856,Musa salaccensis,7.5,4.5,7.0,7.0,3000.0
7874,Myrciaria cauliflora,8.0,4.5,7.5,7.5,1500.0
7944,Nepeta cataria,7.5,4.9,6.5,6.5,1000.0
7964,Neptunia prostrata,7.0,4.5,6.5,6.5,2000.0
8001,Nuphar advena,8.0,4.5,7.5,7.5,1500.0
8002,Nuphar lutea,8.0,6.0,7.5,7.5,1400.0
8039,Octomeles sumatrana,6.5,4.0,5.5,5.5,4000.0
8058,Olea africana,8.5,6.0,7.5,7.5,1000.0
8076,Oncosperma tigillarium,7.0,5.5,6.5,6.5,3000.0
8094,Opuntia ficus-indica,8.2,6.5,7.5,7.5,1300.0
8108,Orbignya cohume,7.8,4.5,7.3,7.3,2500.0
8138,Oryza glaberrima,9.0,4.3,7.0,7.0,1500.0
8143,Oryza sativa ssp. indica,9.0,3.5,8.0,8.0,2000.0
8144,Oryza sativa ssp. javanica,9.0,4.5,7.0,7.0,2000.0
8207,Pachystela msolo,7.5,5.0,7.0,7.0,1750.0
8245,Pandanus julianettii,5.6,3.5,5.5,5.5,3500.0
8280,Panicum miliaceum,8.2,5.2,6.5,6.5,750.0
8281,Panicum obtusum,7.2,4.9,6.6,6.6,1500.0
8286,Panicum sumatrense,7.0,5.0,6.2,6.2,500.0
8296,Papaver somniferum,8.3,6.0,7.5,7.5,1200.0
8309,Parinari curatellifolia,7.5,5.0,7.0,7.0,1000.0
8323,Parkia biglobosa,6.0,4.0,5.5,5.5,800.0
8328,Parkia speciosa,7.5,5.0,7.0,7.0,2000.0
8368,Passiflora edulis var. edulis,8.0,5.0,7.5,7.5,1500.0
8386,Paullinia cupana,6.5,3.5,5.5,5.5,2500.0
8409,Peltandra virginica,9.5,3.0,8.0,8.0,1500.0
8418,Pennisetum glaucum,8.3,4.5,6.5,6.5,900.0
8432,Pentaclethra macrophylla,6.5,4.0,5.5,5.5,2200.0
8466,Persoonia falcata,6.5,4.5,6.0,6.0,1400.0
8488,Phalaris arundinacea,8.2,4.5,7.0,7.0,1500.0
8524,Phoenix reclinata,7.5,5.0,7.0,7.0,3000.0
8526,Phoenix sylvestris,8.0,5.0,7.5,7.5,700.0
8532,Phragmites australis,8.2,4.8,6.5,6.5,1000.0
8537,Emblica officinalis,8.5,5.0,8.0,8.0,2500.0
8556,Physalis philadelphica,8.0,5.0,7.0,7.0,1000.0
8565,Phytolacca acinosa,8.0,5.0,7.5,7.5,900.0
8632,Pinus gerardiana,7.5,5.5,7.0,7.0,650.0
8647,Pinus pinea,6.5,4.0,5.5,5.5,700.0
8700,Pithecellobium dulce,7.5,4.5,6.5,6.5,3000.0
8753,Plectranthus esculentus,7.5,6.0,7.0,7.0,1100.0
8785,Podocarpus elatus,7.5,4.5,6.5,6.5,1500.0
8852,Polymnia sonchifolia,7.0,5.0,6.5,6.5,1200.0
8882,Portulaca quadrifida L.,7.5,4.5,6.5,6.5,2000.0
8912,Pouteria lucuma,8.5,6.0,7.5,7.5,1500.0
8917,Pouteria sapota,7.0,5.0,6.5,6.5,3300.0
8946,Prosopis chilensis,8.5,6.0,7.5,7.5,500.0
8951,Prosopis juliflora,8.5,5.5,7.5,7.5,750.0
8953,Prosopis pallida,6.7,5.0,6.0,6.0,1000.0
8958,Prosopis tamarugo,8.5,6.5,8.0,8.0,250.0
8965,Prunus avium,7.0,4.5,6.5,6.5,900.0
8967,Prunus capuli,7.5,5.0,6.5,6.5,1800.0
8970,Prunus cerasus,7.5,4.5,6.5,6.5,1600.0
8983,Prunus mume,7.0,4.5,6.5,6.5,1000.0
8992,Prunus salicina,7.5,4.5,6.5,6.5,900.0
9018,Psidium friedrichsthalianum,7.7,6.0,7.2,7.2,1600.0
9042,Pterocarpus dalbergioides,7.5,5.0,6.5,6.5,3500.0
9044,Pterocarpus lucens,7.5,5.0,7.0,7.0,700.0
9086,Pyrus pyrifolia,7.0,5.0,6.5,6.5,900.0
9096,Quercus agrifolia,7.0,5.0,6.5,6.5,1000.0
9097,Quercus alba,8.0,5.0,7.0,7.0,1300.0
9168,Raphanus caudatus,7.5,5.0,6.5,6.5,1500.0
9213,Rhamnus prinoides,7.0,5.0,6.5,6.5,1000.0
9279,Ribes hirtellum,8.0,5.5,7.5,7.5,1200.0
9282,Ribes nigrum,8.0,6.0,7.5,7.5,900.0
9285,Ribes rubrum,8.0,6.0,7.5,7.5,1200.0
9287,Ribes sativum,7.5,5.5,6.5,6.5,800.0
9290,Ribes uva-crispa,7.5,5.0,7.0,7.0,1300.0
9291,Ricinodendron heudelotii,7.0,5.0,6.5,6.5,4000.0
9292,Ricinodendron rautanenii,8.5,6.0,8.0,8.0,800.0
9373,Rubus occidentalis,7.8,5.5,7.0,7.0,1100.0
9374,Rubus occidentalis x idaeus,7.5,5.5,7.0,7.0,1100.0
9432,Saccharum barberi,7.5,4.5,6.0,6.0,1500.0
9434,Saccharum sinense,7.5,4.5,6.0,6.0,1500.0
9441,Sagittaria sagittifolia,8.2,5.5,7.5,7.5,1200.0
9449,Salacca wallichiana,6.5,4.5,6.0,6.0,3000.0
9450,Salacca zalacca,6.5,4.5,6.0,6.0,3100.0
9506,Salvadora persica,8.5,6.5,8.0,8.0,700.0
9527,Sambucus canadensis,7.3,5.3,6.5,6.5,1200.0
9528,Sambucus cerulea,7.8,5.5,7.0,7.0,1500.0
9545,Santalum acuminatum,8.5,6.5,8.0,8.0,400.0
9546,Santalum album,9.0,5.0,7.0,7.0,1400.0
9593,Sauropus androgynus,7.5,5.5,7.0,7.0,1200.0
9621,Schleichera oleosa,7.8,5.0,6.5,6.5,2300.0
9639,Scirpus lacustris,7.5,5.5,7.0,7.0,1200.0
9645,Sclerocarya caffra,7.5,5.0,6.5,6.5,1200.0
9712,Sesbania bispinosa,9.9,4.3,7.0,7.0,1200.0
9722,Sesbania sesban,9.9,4.0,7.0,7.0,2000.0
9732,Setaria italica,8.3,5.5,6.8,6.8,700.0
9747,Shorea robusta,7.5,4.5,6.7,6.7,3500.0
9785,Simarouba glauca,8.5,5.5,8.0,8.0,3000.0
9786,Simmondsia chinensis,8.2,5.0,7.5,7.5,800.0
9787,Sinapis alba,8.5,5.5,7.5,7.5,1100.0
9825,Solanum aethiopicum,8.5,4.3,7.0,7.0,1600.0
9863,Solanum hyporhodium,7.5,6.5,7.2,7.2,1100.0
9864,Solanum incanum,8.0,6.0,7.5,7.5,1000.0
9868,Solanum oleraceum,8.5,4.3,7.5,7.5,1600.0
9878,Solanum macrocarpon,8.5,4.3,7.5,7.5,1000.0
9916,Solanum x juzepczukii,7.5,5.5,7.0,7.0,1200.0
9922,Solenostemon rotundifolius,8.0,5.5,7.5,7.5,2600.0
9942,Sorbus domestica,8.5,5.5,8.0,8.0,1500.0
10000,Sphenostylis stenocarpa,7.0,4.5,6.0,6.0,1200.0
10015,Spondias purpurea,8.0,5.5,7.0,7.0,1100.0
10030,Stachys affinis,7.0,5.5,6.5,6.5,900.0
10126,Strychnos cocculoides,8.0,4.5,7.5,7.5,1200.0
10130,Strychnos innocua,7.0,5.0,6.5,6.5,900.0
10135,Strychnos spinosa,7.5,4.5,7.0,7.0,1000.0
10207,Syzygium cordatum,7.5,5.0,7.0,7.0,1200.0
10223,Syzygium guineense,7.5,5.0,7.0,7.0,2300.0
10291,Taraxacum officinale,8.3,4.5,6.5,6.5,1000.0
10307,Telfairia occidentalis,7.0,4.5,6.0,6.0,2200.0
10308,Telfairia pedata,7.0,5.0,6.0,6.0,2000.0
10319,Teramnus labialis,9.0,5.0,8.0,8.0,1500.0
10370,Tetragonia tetragonioides,7.5,6.0,7.0,7.0,1200.0
10391,Theobroma bicolor,8.5,4.5,6.0,6.0,2000.0
10394,Theobroma grandiflorum,8.5,4.5,6.5,6.5,2400.0
10458,Toona ciliata,7.5,4.5,6.5,6.5,3000.0
10554,Trigonella foenum-graecum,8.2,5.3,7.5,7.5,800.0
10579,Triticum compactum,8.3,5.5,7.5,7.5,900.0
10581,Triticum dicoccon,8.3,5.0,6.8,6.8,900.0
10582,Triticum durum,8.5,5.5,7.0,7.0,700.0
10591,Triticum spelta,8.3,5.0,7.5,7.5,1000.0
10626,Tylosema esculentum,7.5,5.0,7.0,7.0,600.0
10628,Typha angustifolia,8.5,4.0,8.0,8.0,1500.0
10631,Typha domingensis,8.0,6.0,7.5,7.5,1400.0
10633,Typha latifolia,8.0,3.7,7.5,7.5,1500.0
10644,Uapaca kirkiana,6.5,4.0,6.0,6.0,1500.0
10679,Urtica dioica,9.0,6.5,8.5,8.5,2000.0
10700,Vaccinium angustifolium,6.6,2.8,5.2,5.2,900.0
10704,Vaccinium corymbosum,5.5,3.0,5.0,5.0,1100.0
10711,Vaccinium macrocarpon,6.0,4.5,5.5,5.5,1000.0
10714,Vaccinium myrtillus,7.5,4.0,6.0,6.0,700.0
10733,Vangueria infausta,7.5,5.0,7.0,7.0,1200.0
10734,Vangueria madagascariensis,7.5,5.0,7.0,7.0,1500.0
10763,Vernonia amygdalina,7.5,5.0,7.0,7.0,2000.0
10808,Vicia monantha,7.5,5.5,7.0,7.0,700.0
10830,Vigna subterranea,7.0,4.3,6.5,6.5,1400.0
10834,Vigna unguiculata ssp. sesquipedalis,7.5,4.3,7.0,7.0,2000.0
10835,Vigna unguiculata ssp. unguiculata,8.8,4.3,7.5,7.5,1500.0
10836,Vigna vexillata,8.0,4.5,6.5,6.5,2100.0
10862,Vitellaria paradoxa,8.0,5.5,7.0,7.0,1000.0
10874,Vitex doniana,7.5,5.0,7.0,7.0,2000.0
10880,Vitex keniensis,7.5,5.0,7.0,7.0,2200.0
10895,Vitis labrusca,7.5,4.9,6.5,6.5,1100.0
10900,Vitis rotundifolia,8.0,5.8,7.0,7.0,1600.0
10914,Warburgia ugandensis,7.0,5.0,6.5,6.5,1500.0
10941,Xanthosoma brasiliense,6.5,4.5,6.0,6.0,3000.0
10967,Yucca elephantipes,7.3,4.5,6.0,6.0,1600.0
10981,Zea mays ssp. saccharata,7.5,4.5,6.8,6.8,1500.0
10982,Euchlaena mexicana,8.5,5.0,7.0,7.0,1250.0
10994,Zizania latifolia,7.0,4.5,6.0,6.0,2500.0
11001,Ziziphus mucronata,9.0,5.0,8.0,8.0,800.0
11015,Zostera marina,7.5,6.5,7.2,7.2,1500.0
11029,Asimina triloba,7.5,5.2,7.2,7.2,1200.0
11291,Raphanus sativus var. radicula,8.3,5.2,7.0,7.0,1000.0
11661,Leucaena collinsii,8.5,5.0,8.0,8.0,2500.0
11684,Leucaena collinsii sp. collinsii,8.5,5.0,8.0,8.0,2500.0
11687,Leucaena pallida,8.5,4.5,7.5,7.5,1800.0
11689,Leucaena trichandra,8.0,5.0,7.5,7.5,1800.0
11752,Prosopis glandulosa,7.5,5.0,7.0,7.0,800.0
12396,Aponogeton distachyos,8.0,4.5,7.5,7.5,1100.0
12484,Asclepias incarnata,8.0,4.5,7.5,7.5,800.0
12493,Asclepias speciosa,8.0,4.5,7.5,7.5,800.0
12852,Caragana arborescens,9.0,6.0,8.5,8.5,800.0
14060,Eugenia jambos,8.0,5.0,7.0,7.0,1600.0
14639,Hylocereus undatus,7.5,5.0,6.7,6.7,3000.0
16098,Pontederia cordata,8.0,5.5,7.5,7.5,1200.0
16203,Prunus domestica,7.4,4.5,6.1,6.1,1500.0
16595,Samolus valerandi,9.0,6.5,8.5,8.5,1300.0
17012,Sparganium erectum,8.0,5.8,7.5,7.5,1200.0
17278,Trapa natans,8.2,5.0,7.5,7.5,1200.0
17507,Vicia ervilia,8.2,5.6,7.5,7.5,700.0
17633,Ziziphus mauritiana,8.5,5.0,7.5,7.5,1500.0
17644,Persea americana ssp. mexican,8.3,4.3,7.0,7.0,1400.0
17645,Persea americana ssp. guatemalan,8.3,4.5,7.0,7.0,1400.0
17646,Persea americana ssp. west indian,8.3,4.5,7.5,7.5,1400.0
17650,Ipomoea aquatica var. reptans,7.5,4.3,7.0,7.0,2500.0
17651,Vigna unguiculata ssp. biflora,7.5,4.5,6.5,6.5,1300.0
17656,Gelidiella acerosa,9.2,6.5,8.5,8.5,3000.0
17797,Chenopodium album,8.2,4.2,7.0,7.0,1200.0
18201,Ludwigia adscendens,8.5,4.5,7.0,7.0,3000.0
18215,Marsilea quadrifolia,8.0,6.0,7.5,7.5,2000.0
30805,Podocarpus falcatus,7.5,4.5,7.0,7.0,1800.0
31703,Acanthosicyos horridus,7.5,5.5,7.0,7.0,250.0
32427,Borassus aethiopum,7.5,5.0,7.0,7.0,1000.0
38122,Ficus thonningii,7.5,4.5,7.0,7.0,2000.0
38133,Girardinia diversifolia,8.0,6.0,7.5,7.5,3500.0
42696,Burkea africana,7.5,4.5,7.0,7.0,850.0
45286,Securidaca longependunculata,7.5,4.5,7.0,7.0,1000.0
45894,Sclerocarya birrea ssp. caffra,8.0,5.0,7.0,7.0,1200.0
46753,Warburgia salutaris,7.5,4.5,7.0,7.0,1500.0
47139,Terminalia prunioides,8.5,5.5,8.0,8.0,900.0
48742,Beta vulgaris var. saccharifera,8.5,5.5,6.8,6.8,700.0
48747,Sorghum bicolor,8.0,5.0,7.5,7.5,600.0
49181,Fagus sylvatica,8.2,4.0,7.0,7.0,1000.0
75061,Orbignya phalerata,7.5,4.5,6.5,6.5,6000.0
83541,Raphanus sativus var. oleiferus,7.5,5.0,6.5,6.5,1000.0
127526,Couma utilis,6.5,4.0,6.0,6.0,4000.0
148253,Hyphaene compressa,7.5,5.5,7.0,7.0,800.0
148964,Pachyrhizus ahipa,7.0,5.0,6.5,6.5,1100.0
148966,Pachyrhizus tuberosus,7.3,4.3,5.5,5.5,1900.0
148967,Mirabilis expansa,7.5,5.5,7.0,7.0,800.0
148974,Uvaria scheffleri,6.5,4.5,6.0,6.0,1500.0
149006,Acokanthera schimperi,7.0,5.0,6.5,6.5,700.0
197703,Aiphanes aculeata,7.0,4.5,6.5,6.5,3000.0
198033,Amelanchier pallida,7.0,5.0,6.5,6.5,1200.0
202719,Canavalia brasiliensis,8.0,4.3,7.0,7.0,1500.0
205644,Citrus aurantium ssp. bergamia,8.0,6.0,6.5,6.5,1500.0
220867,Malva alcea,8.5,6.0,8.0,8.0,1400.0
225371,Peltandra sagittifolia,7.5,4.5,7.0,7.0,1500.0
236039,Terminalia bellirica,7.5,5.0,6.5,6.5,2500.0
238002,Vicia sativa ssp. nigra,8.2,4.9,7.0,7.0,800.0
238663,Zea mays ssp. mays,8.5,4.5,7.0,7.0,1200.0
243766,Ziziphus abyssinica,8.0,5.0,7.5,7.5,1800.0
355153,Stereospermum kunthianum,7.0,4.5,6.5,6.5,900.0
363339,Donaldsonia stenopetala,9.0,5.0,8.0,8.0,1500.0
367215,Ambelania acida,7.5,4.5,7.0,7.0,2500.0
372231,Desmanthus bicornutus,8.5,6.5,8.0,8.0,1300.0
372262,Trichanthera gigantea,7.0,4.5,6.5,6.5,3000.0
367,Allium sativum,8.5,5.0,6.6,6.6,1600.0
520,Bixa orellana,8.5,4.5,7.5,7.5,2000.0
550,Brassica nigra,7.8,5.3,7.0,7.0,1400.0
702,Cinnamomum verum,7.0,5.0,6.5,6.5,2600.0
754,Coleus amboinicus,7.0,5.0,6.5,6.5,2600.0
828,Curcuma longa,7.5,5.5,7.0,7.0,2000.0
841,Cymbopogon citratus,7.3,4.3,5.8,5.8,3000.0
984,Elettaria cardamomum,7.0,4.8,6.0,6.0,6000.0
1333,Laurus nobilis,8.2,4.5,6.5,6.5,1000.0
1448,Mentha arvensis var. piperascens,8.3,4.5,6.4,6.4,1100.0
1514,Myristica fragrans,7.5,5.5,7.0,7.0,3500.0
1661,Petroselinum crispum,8.3,5.3,7.5,7.5,1500.0
1714,Piper nigrum,7.5,5.0,7.0,7.0,4000.0
1763,Pogostemon cablin,7.0,5.5,6.5,6.5,2600.0
2104,Trifolium pratense,8.2,4.5,7.5,7.5,1200.0
2131,Vanilla planifolia,8.0,4.3,7.0,7.0,2500.0
2177,Zingiber officinale,7.5,4.3,7.0,7.0,3000.0
2369,Origanum vulgare,8.7,4.5,7.0,7.0,1300.0
2411,Rungia klossii,7.0,5.0,6.2,6.2,1200.0
2441,Thymus vulgaris,8.0,4.5,6.5,6.5,1500.0
2462,Eugenia aromatica,7.0,4.5,6.0,6.0,3600.0
2779,Acorus calamus,7.5,5.0,6.5,6.5,2000.0
3036,Aloe ferox,7.5,6.0,7.0,7.0,600.0
3048,Aloysia triphylla,7.5,5.0,7.0,7.0,1800.0
3054,Alpinia officinarum,6.0,4.0,5.5,5.5,3000.0
3389,Artemisia abrotanum,7.5,5.0,6.0,6.0,900.0
3402,Artemisia dracunculus,7.5,4.9,7.0,7.0,1000.0
3989,Butyrospermum paradoxum ssp. parkii,8.0,5.5,7.0,7.0,1000.0
4006,Caesalpinia sappan,7.5,5.0,7.0,7.0,2300.0
4040,Calendula officinalis,8.3,4.5,7.0,7.0,800.0
4177,Capsicum baccatum var. pendulum,7.8,5.3,6.5,6.5,1250.0
4178,Capsicum chinense,7.0,5.3,6.5,6.5,1250.0
4183,Capsicum pubescens,7.3,5.5,6.5,6.5,1250.0
4567,Cinnamomum burmannii,7.0,5.0,6.0,6.0,2500.0
4568,Cinnamomum cassia,7.0,4.5,5.5,5.5,1500.0
4570,Cinnamomum loureirii,8.0,4.5,6.4,6.4,3000.0
4700,Cnicus benedictus,7.5,5.5,7.0,7.0,800.0
4962,Crocus sativus,7.8,5.5,7.0,7.0,900.0
5043,Cuminum cyminum,8.3,4.5,6.5,6.5,1800.0
6467,Glycyrrhiza glabra,8.2,5.5,7.5,7.5,1000.0
6468,Glycyrrhiza lepidota,8.5,5.5,7.5,7.5,500.0
6852,Hyssopus officinalis,8.5,5.5,7.5,7.5,1000.0
7172,Lavandula angustifolia,8.3,5.8,7.5,7.5,1000.0
7258,Lesquerella fendleri,8.3,5.6,8.0,8.0,1100.0
7542,Majorana hortensis,8.7,4.9,7.0,7.0,1000.0
7707,Mentha pulegium,8.3,5.0,7.5,7.5,800.0
7745,Michelia champaca,6.0,4.0,5.5,5.5,4000.0
7846,Murraya koenigii,7.0,5.0,6.5,6.5,1800.0
7895,Myroxylon balsamum,8.0,5.0,6.5,6.5,2700.0
7896,Myroxylon balsamum var. perei.,8.0,5.0,7.5,7.5,2600.0
7900,Myrtus communis,8.0,5.5,7.0,7.0,800.0
7987,Nigella sativa,8.0,6.0,7.3,7.3,800.0
8037,Ocimum tenuiflorum,9.0,5.0,7.5,7.5,3000.0
8120,Origanum onites,8.0,6.5,7.5,7.5,1000.0
8594,Pimenta racemosa,7.0,4.5,6.0,6.0,2000.0
8595,Pimpinella anisum,7.3,6.0,7.0,7.0,1300.0
8642,Pinus mugo,8.5,4.5,7.5,7.5,800.0
8690,Pistacia lentiscus,8.5,6.0,8.0,8.0,800.0
8944,Prosopis africana,7.5,5.0,7.0,7.0,500.0
9185,Rauvolfia serpentina,7.5,5.0,7.0,7.0,3500.0
9297,Robinia pseudoacacia,8.2,4.5,6.5,6.5,700.0
9326,Rosmarinus officinalis,8.7,4.5,7.5,7.5,1400.0
9421,Ruta graveolens var. bracteosa,8.5,6.0,7.5,7.5,1500.0
9516,Salvia sclarea,7.5,5.5,7.0,7.0,1700.0
9535,Sanguisorba minor,8.2,6.0,7.5,7.5,800.0
9582,Satureja hortensis,8.2,5.5,7.0,7.0,800.0
9584,Satureja montana,7.5,6.0,7.0,7.0,1400.0
9856,Solanum ferox,7.5,4.5,7.0,7.0,2000.0
10081,Sterculia urens,7.8,5.5,7.0,7.0,1250.0
10084,Stevia rebaudiana,7.5,4.0,6.5,6.5,1400.0
10373,Tetrapleura tetraptera,7.0,4.0,6.5,6.5,3000.0
10386,Thaumatococcus daniellii,7.0,4.3,5.0,5.0,2300.0
10432,Thymus serpyllum,7.8,4.5,6.0,6.0,900.0
10473,Trachyspermum ammi,8.0,6.0,7.5,7.5,1000.0
12347,Angelica atropurpurea,8.0,5.5,7.5,7.5,1300.0
18352,Ruta graveolens,8.5,6.0,7.5,7.5,1500.0
248815,Zanthoxylum chalybeum,7.5,5.0,7.0,7.0,1400.0
291,Abelmoschus moschatus,8.0,5.0,7.0,7.0,1400.0
297,Acacia farnesiana,8.0,4.3,7.0,7.0,1400.0
349,Albizia lebbeck,8.5,5.5,7.0,7.0,2000.0
379,Alstonia scholaris,7.5,4.5,6.5,6.5,3000.0
634,Cassia alata,8.0,4.3,6.5,6.5,2500.0
646,Casuarina equisetifolia,8.5,4.0,6.5,6.5,3500.0
652,Catharanthus roseus,7.5,5.5,7.0,7.0,1200.0
656,Cedrela odorata,8.0,5.5,7.0,7.0,2500.0
697,Cinchona pubescens,6.5,4.5,6.0,6.0,3500.0
699,Cinnamomum camphora,8.0,4.3,7.0,7.0,1500.0
801,Crotalaria juncea,8.4,5.0,7.0,7.0,1500.0
848,Cynodon dactylon,8.4,4.3,7.0,7.0,1750.0
880,Delonix regia,7.5,4.5,6.5,6.5,1500.0
952,Dodonaea viscosa,8.5,4.5,7.5,7.5,1200.0
1012,Erythrina variegata,7.5,4.5,7.0,7.0,2500.0
1017,Eucalyptus camaldulensis,8.0,4.5,7.0,7.0,1000.0
1023,Eucalyptus robusta,7.5,5.5,6.5,6.5,2000.0
1104,Flemingia macrophylla,8.0,4.0,7.0,7.0,2200.0
1146,Gliricidia sepium,8.0,4.5,6.2,6.2,2300.0
1191,Helianthus annuus,8.0,5.5,7.5,7.5,1000.0
1205,Heritiera littoralis,7.0,5.0,6.5,6.5,2500.0
1263,Intsia bijuga,7.0,5.0,6.5,6.5,3000.0
1297,Jatropha curcas,8.0,5.0,7.5,7.5,1500.0
1334,Lawsonia inermis,8.0,4.3,7.0,7.0,1500.0
1430,Melaleuca leucadendron,8.5,5.5,7.0,7.0,1400.0
1431,Melaleuca quinquenervia,7.0,4.5,6.5,6.5,3400.0
1433,Melaleuca symphyocarpa,6.5,4.5,6.0,6.0,1200.0
1524,Nauclea diderrichii,7.5,4.5,6.5,6.5,3500.0
1710,Piper betle,6.8,4.3,5.6,5.6,3700.0
1713,Piper methysticum,7.0,5.0,6.5,6.5,4000.0
1781,Pongamia pinnata,9.0,6.0,8.5,8.5,2000.0
1848,Rhizophora mangle,7.5,6.5,7.2,7.2,2500.0
1849,Rhizophora mucronata,7.5,6.5,7.2,7.2,2500.0
2023,Swietenia mahogani,8.0,5.5,7.0,7.0,2000.0
2052,Tecoma stans,9.0,5.5,8.5,8.5,700.0
2054,Tectona grandis,8.5,4.5,7.5,7.5,3000.0
2059,Tephrosia vogelii,7.0,4.5,6.5,6.5,1500.0
2368,Origanum majorana,8.7,4.9,7.0,7.0,1000.0
2412,Salvia officinalis,8.3,4.2,6.5,6.5,1000.0
2526,Indigofera hirsuta,8.0,4.5,6.5,6.5,1700.0
2582,Acacia ataxacantha,7.5,5.5,7.0,7.0,1300.0
2593,Acacia catechu,7.0,4.5,6.0,6.0,2100.0
2639,Acacia karroo,9.0,4.5,8.5,8.5,1300.0
2667,Acacia nilotica,9.0,5.0,8.0,8.0,1200.0
2737,Acanthus mollis,6.5,5.5,7.0,7.0,800.0
2829,Adonis vernalis,8.0,6.5,7.5,7.5,750.0
2877,Afzelia africana,7.0,5.0,6.5,6.5,1800.0
2943,Ailanthus altissima,8.0,4.0,7.0,7.0,600.0
2944,Ailanthus excelsa,7.0,4.5,6.0,6.0,1900.0
3031,Aloe arborescens,7.0,4.2,6.5,6.5,1500.0
3032,Aloe barbadensis,8.0,6.0,7.5,7.5,3000.0
3039,Aloe perryi,7.5,6.0,7.0,7.0,700.0
3254,Anthemis nobilis,8.0,5.5,7.0,7.0,1000.0
3259,Anthocephalus macrophyllus,7.0,5.0,6.5,6.5,4000.0
3260,Anthocleista nobilis,7.0,5.0,6.5,6.5,2000.0
3265,Anthriscus cerefolium,8.2,5.5,7.0,7.0,1100.0
3270,Anthyllis vulneraria,8.0,5.0,7.5,7.5,900.0
3385,Arnica montana,7.5,5.0,7.0,7.0,800.0
3391,Artemisia afra,7.0,5.0,6.0,6.0,750.0
3392,Artemisia annua,8.5,5.5,8.0,8.0,1300.0
3466,Asclepias tuberosa,7.5,4.5,7.0,7.0,800.0
3504,Astragalus gummifer,8.5,6.5,8.0,8.0,450.0
3581,Azadirachta indica,7.5,5.0,7.0,7.0,1200.0
3635,Baphia nitida,7.0,4.5,5.5,5.5,2400.0
3750,Boesenbergia rotunda,7.5,5.5,7.0,7.0,3000.0
3783,Boswellia serrata,7.4,5.0,6.5,6.5,1500.0
3837,Brachystegia spiciformis,7.5,5.0,7.0,7.0,1100.0
3986,Butea monosperma,7.5,5.5,7.0,7.0,3000.0
4004,Caesalpinia coriaria,8.7,4.5,7.5,7.5,2000.0
4023,Calamus caesius,8.0,5.0,7.0,7.0,3200.0
4033,Calamus peregrinus,5.0,3.6,4.5,4.5,2200.0
4074,Calophyllum brasiliense,7.5,4.5,7.0,7.0,6000.0
4076,Calophyllum peekelii,7.0,4.5,6.5,6.5,3000.0
4079,Calotropis procera,7.5,5.0,7.0,7.0,400.0
4127,Cannabis sativa ssp. indica,8.2,4.5,7.0,7.0,1200.0
4198,Carapa guianensis,7.5,5.0,7.0,7.0,4000.0
4238,Carpinus betulus,8.0,4.0,7.0,7.0,1000.0
4434,Ceriops decandra,7.5,6.5,7.2,7.2,3500.0
4510,Chlorophora excelsa,7.5,4.5,6.5,6.5,1800.0
4548,Chukrasia velutina,7.0,5.0,6.5,6.5,3000.0
4563,Cinchona calisaya,6.5,4.5,6.0,6.0,3000.0
4565,Cinchona officinalis,7.0,4.8,6.3,6.3,3500.0
4730,Cochlospermum religiosum,8.0,5.0,6.5,6.5,1500.0
4759,Colchicum autumnale,7.5,4.5,6.5,6.5,1000.0
4780,Combretum aculeatum,7.5,5.5,7.0,7.0,700.0
4782,Combretum micranthum,7.5,5.5,7.0,7.0,1300.0
4816,Conocarpus erectus,7.5,5.0,7.0,7.0,2500.0
5250,Derris indica,7.5,5.5,7.0,7.0,800.0
5320,Digitalis lanata,8.0,6.0,7.5,7.5,650.0
5322,Digitalis purpurea,8.3,4.5,6.5,6.5,1100.0
5374,Dioscorea composita,7.3,5.8,6.5,6.5,1500.0
5498,Dipterocarpus alatus,7.0,4.5,6.5,6.5,4500.0
5499,Dipterocarpus costatus,6.5,4.5,6.0,6.0,3500.0
5500,Dipterocarpus gracilis,6.5,4.5,6.0,6.0,3000.0
5502,Dipterocarpus macrocarpus,6.0,4.5,5.5,5.5,3500.0
5523,Dodonaea viscosa ssp. angustifolia,8.5,5.5,7.5,7.5,800.0
5571,Duboisia myoporoides,7.0,4.5,6.5,6.5,2000.0
5701,Entada abyssinica,7.5,4.5,7.0,7.0,1500.0
5738,Eragrostis lehmanniana,9.0,6.0,8.5,8.5,500.0
5803,Erythrina abyssinica,6.5,3.5,5.5,5.5,2000.0
5842,Eucalyptus citriodora,7.5,5.0,6.5,6.5,1500.0
5861,Eucalyptus globulus ssp. globulus,7.5,5.0,6.5,6.5,1500.0
5996,Eugenia suborbiculare,6.5,4.5,6.0,6.0,1600.0
6077,Fagraea fragrans,6.5,4.5,6.0,6.0,3000.0
6113,Fibraurea tinctoria,9.0,6.0,8.0,8.0,1000.0
6266,Frangula alnus,7.0,4.5,6.0,6.0,900.0
6271,Fraxinus excelsior,8.5,6.0,8.0,8.0,1000.0
6493,Gossypium herbaceum,8.5,5.3,7.2,7.2,1250.0
6558,Guaiacum officinale,8.0,4.5,7.5,7.5,2000.0
6559,Guaiacum sanctum,8.0,4.5,7.5,7.5,1500.0
6597,Hagenia abyssinica,8.5,5.5,7.5,7.5,1600.0
6623,Harungana madagascariensis,7.5,5.0,6.5,6.5,2500.0
6784,Hydnocarpus kurzii,5.5,4.0,5.0,5.0,6500.0
6869,Ilex paraguariensis,8.0,5.8,7.0,7.0,2000.0
6882,Indigofera arrecta,6.5,4.5,6.0,6.0,2200.0
6983,Jacaranda mimosifolia,8.5,6.0,7.5,7.5,1400.0
7032,Juniperus procera,8.5,6.0,7.5,7.5,1000.0
7037,Justicia adhatoda,7.8,5.5,7.5,7.5,1700.0
7058,Khaya senegalensis,7.5,4.5,6.0,6.0,1300.0
7098,Laguncularia racemosa,7.5,4.5,7.0,7.0,2500.0
7149,Larix decidua,7.8,4.0,7.5,7.5,1100.0
7174,Lavandula dentata,7.5,6.0,7.0,7.0,1000.0
7175,Lavandula intermedia,7.5,5.8,7.0,7.0,1000.0
7177,Lavandula latifolia,7.5,5.8,7.0,7.0,1100.0
7336,Linum usitatissimum,7.0,5.5,6.5,6.5,800.0
7343,Liquidambar styraciflua,8.5,4.5,7.0,7.0,1500.0
7410,Lotus corniculatus,8.2,4.5,7.0,7.0,1000.0
7533,Maesopsis eminii,7.5,4.5,7.0,7.0,2500.0
7548,Mallotus philippensis,7.5,4.5,6.7,6.7,2500.0
7670,Melaleuca cajuputi,6.5,4.5,6.0,6.0,1600.0
7681,Melia azedarach,7.5,5.5,7.0,7.0,1000.0
7682,Melia azedarach var. australasica,6.5,4.5,6.0,6.0,1000.0
7691,Melilotus officinalis,8.5,5.0,7.0,7.0,800.0
7770,Mimosa pigra,7.5,5.0,7.0,7.0,1500.0
7898,Myrsine africana,6.5,4.5,5.5,5.5,800.0
8059,Olea capensis,7.5,5.0,7.0,7.0,1200.0
8227,Panax ginseng,7.5,5.0,7.0,7.0,1300.0
8230,Panax quinquefolium,7.0,5.5,6.5,6.5,1100.0
8292,Papaver bracteatum,8.3,5.5,7.0,7.0,900.0
8390,Paulownia tomentosa,8.0,4.5,7.0,7.0,1600.0
8410,Peltophorum pterocarpum,7.3,4.3,6.5,6.5,1800.0
8473,Petalostigma pubescens,8.0,4.5,7.0,7.0,1000.0
8571,Picea abies,5.5,3.7,5.0,5.0,700.0
8658,Pinus sylvestris,8.0,4.5,7.5,7.5,1000.0
8744,Platanus orientalis,10.0,3.0,8.5,8.5,1400.0
8866,Populus euphratica,9.9,4.5,7.0,7.0,300.0
8947,Prosopis cineraria,9.8,5.5,8.5,8.5,800.0
9041,Pterocarpus angolensis,7.5,5.0,7.0,7.0,1500.0
9043,Pterocarpus erinaceus,6.5,4.5,5.5,5.5,1600.0
9049,Pterocarpus santalinus,6.5,4.5,5.5,5.5,1900.0
9702,Serenoa repens,7.5,5.0,7.0,7.0,1200.0
9979,Soymida febrifuga,7.8,4.5,6.5,6.5,1300.0
9984,Spartium junceum,8.2,4.5,7.0,7.0,900.0
10144,Stylosanthes erecta,7.1,4.5,6.0,6.0,1900.0
10321,Terminalia arjuna,7.0,5.0,6.0,6.0,1500.0
10327,Terminalia chebula,7.5,5.0,6.5,6.5,1700.0
10446,Tilia cordata,8.0,6.0,7.5,7.5,700.0
10525,Trifolium arvense,7.0,6.0,6.8,6.8,900.0
10663,Uncaria gambir,8.0,5.5,7.0,7.0,2400.0
10741,Vateria indica,6.9,4.5,6.0,6.0,3000.0
10746,Ventilago viminalis,8.0,5.0,7.5,7.5,600.0
10870,Vitex agnus-castus,8.0,6.0,7.5,7.5,900.0
10885,Vitex parviflora,7.0,5.0,6.5,6.5,1500.0
10920,Withania somnifera,8.5,6.5,8.0,8.0,750.0
10954,Xylocarpus granatum,7.5,6.5,7.2,7.2,3000.0
10955,Xylocarpus mekongensis,7.5,5.5,7.0,7.0,4000.0
10956,Xylocarpus moluccensis,7.5,6.0,7.0,7.0,5000.0
11641,Prunus africana,7.0,5.0,6.5,6.5,1400.0
11776,Acacia abyssinica,7.5,5.0,7.0,7.0,1200.0
11848,Acacia dudgeoni,7.5,5.0,7.0,7.0,1000.0
12184,Albizia amara,8.0,4.5,7.0,7.0,1000.0
12200,Alisma plantago-aquatica,7.5,4.5,7.0,7.0,1500.0
12393,Apocynum cannabinum,8.0,4.5,7.0,7.0,1200.0
14047,Erythroxylum coca,8.0,4.3,6.5,6.5,2100.0
14054,Eucalyptus globulus,7.5,5.0,6.5,6.5,1400.0
15820,Peltophorum africanum,7.5,5.0,7.0,7.0,2500.0
15851,Petasites hybridus,8.5,4.5,7.0,7.0,1000.0
16100,Populus deltoides,8.0,4.5,6.5,6.5,2500.0
17162,Taxodium distichum,8.5,4.5,7.0,7.0,1400.0
17405,Valeriana officinalis,7.5,5.0,7.0,7.0,800.0
17657,Eusideroxylon zwageri,6.5,4.5,6.0,6.0,4000.0
28399,Phytolacca dioica,7.5,5.0,7.0,7.0,1500.0
33121,Rhigozum trichotomum,8.0,5.0,7.0,7.0,300.0
38279,Faurea saligna,7.5,5.0,7.0,7.0,1000.0
42707,Baikiaea plurijuga,6.5,4.5,5.5,5.5,1000.0
42760,Bolusanthus speciosus,8.5,6.0,8.0,8.0,650.0
44088,Dalbergia melanoxylon,7.5,5.0,7.0,7.0,1200.0
45195,Ekebergia capensis,7.5,5.0,7.0,7.0,2000.0
45598,Sapium ellipticum,7.0,4.5,6.5,6.5,2000.0
74962,Chamaecrista nictitans,7.0,4.5,6.5,6.5,1600.0
77301,Alnus maritima,8.1,6.1,7.5,7.5,2000.0
77795,Euonymus japonicus,6.5,4.5,6.0,6.0,1300.0
83552,Pausinystalia yohimbe,7.5,5.0,7.0,7.0,4000.0
148275,Echinacea purpurea,8.0,5.5,7.5,7.5,800.0
197937,Alphitonia excelsa,8.0,4.5,7.0,7.0,1250.0
198891,Aquilegia canadensis,8.5,5.0,8.0,8.0,1200.0
199708,Asclepias lanceolata,7.5,4.5,7.0,7.0,1400.0
199890,Aster cordifolius var. cordifolius,8.0,5.5,7.5,7.5,1200.0
218100,Khaya anthotheca,7.5,4.5,7.0,7.0,1600.0
230348,Rhodiola rosea,7.0,5.0,6.5,6.5,800.0
238780,Eurycoma longifolia,6.0,4.0,5.5,5.5,4000.0
248814,Markhamia lutea,7.5,4.0,7.0,7.0,2000.0
248817,Eucalyptus piperita,7.0,5.0,6.5,6.5,1500.0
305323,Populus ciliata,7.5,5.0,7.0,7.0,3000.0
305324,Ocotea usambarensis,6.5,5.0,6.0,6.0,1800.0
305325,Polyscias fulva,7.0,4.5,6.5,6.5,2000.0
355150,Pycnanthus angolensis,7.0,4.0,6.0,6.0,1800.0
355151,Schima wallichii,7.0,4.5,6.5,6.5,3000.0
355154,Terminalia brownii,7.5,5.0,7.0,7.0,1300.0
355155,Terminalia mantaly,7.5,5.0,7.0,7.0,1200.0
372263,Trifolium burchellianum,7.0,5.0,6.5,6.5,2000.0
